author,gender,country,religion,lgbtq,ethnicity,source
Cormac McCarthy,man,Verenigde Staten,christelijk,onbekend,europees,https://en.wikipedia.org/wiki/Cormac_McCarthy
Ernest Cline,man,Verenigde Staten,onbekend,onbekend,europees,https://en.wikipedia.org/wiki/Ernest_Cline
Philip K. Dick,man,Verenigde Staten,spiritueel,onbekend,europees,https://en.wikipedia.org/wiki/Philip_K._Dick
William Gibson,man,Canada,onbekend,onbekend,europees,https://en.wikipedia.org/wiki/William_Gibson
Robert A. Heinlein,man,Verenigde Staten,seculier,onbekend,europees,https://en.wikipedia.org/wiki/Robert_A._Heinlein
Dan Simmons,man,Verenigde Staten,onbekend,onbekend,europees,https://en.wikipedia.org/wiki/Dan_Simmons
George Orwell,man,Verenigd Koninkrijk,seculier,onbekend,europees,https://en.wikipedia.org/wiki/George_Orwell
Douglas Adams,man,Verenigd Koninkrijk,seculier,onbekend,europees,https://en.wikipedia.org/wiki/Douglas_Adams
Angela Carter,vrouw,Verenigd Koninkrijk,seculier,onbekend,europees,https://en.wikipedia.org/wiki/Angela_Carter
Ray Bradbury,man,Verenigde Staten,christelijk,onbekend,europees,https://en.wikipedia.org/wiki/Ray_Bradbury
Liu Cixin,man,China,seculier,onbekend,aziatisch,https://en.wikipedia.org/wiki/Liu_Cixin
Octavia E. Butler,vrouw,Verenigde Staten,onbekend,onbekend,afrikaans,https://en.wikipedia.org/wiki/Octavia_E._Butler
Peter Watts,man,Canada,seculier,onbekend,europees,https://en.wikipedia.org/wiki/Peter_Watts_(author)
Michel Faber,man,Nederland,onbekend,onbekend,europees,https://en.wikipedia.org/wiki/Michel_Faber
Aldous Huxley,man,Verenigd Koninkrijk,spiritueel,onbekend,europees,https://en.wikipedia.org/wiki/Aldous_Huxley
Mikhail Bulgakov,man,Rusland,christelijk,onbekend,europees,https://en.wikipedia.org/wiki/Mikhail_Bulgakov
Paolo Bacigalupi,man,Verenigde Staten,onbekend,onbekend,europees,https://en.wikipedia.org/wiki/Paolo_Bacigalupi
Alan Moore & Dave Gibbons,man,Verenigd Koninkrijk,spiritueel,onbekend,europees,https://en.wikipedia.org/wiki/Watchmen
Kazuo Ishiguro,man,Verenigd Koninkrijk,onbekend,onbekend,aziatisch,https://en.wikipedia.org/wiki/Kazuo_Ishiguro
Walter M. Miller,man,Verenigde Staten,christelijk,onbekend,europees,https://en.wikipedia.org/wiki/Walter_M._Miller_Jr.
Vladimir Nabokov,man,Verenigde Staten,seculier,onbekend,europees,https://en.wikipedia.org/wiki/Vladimir_Nabokov
Hunter S. Thompson,man,Verenigde Staten,seculier,onbekend,europees,https://en.wikipedia.org/wiki/Hunter_S._Thompson
J.G. Ballard,man,Verenigd Koninkrijk,seculier,onbekend,europees,https://en.wikipedia.org/wiki/J._G._Ballard
Chinua Achebe,man,Nigeria,christelijk,onbekend,afrikaans,https://en.wikipedia.org/wiki/Chinua_Achebe
Milan Kundera,man,Tsjechië,seculier,onbekend,europees,https://en.wikipedia.org/wiki/Milan_Kundera
Franz Kafka,man,Tsjechië,joods,onbekend,europees,https://en.wikipedia.org/wiki/Franz_Kafka
Haruki Murakami,man,Japan,boeddhistisch,onbekend,aziatisch,https://en.wikipedia.org/wiki/Haruki_Murakami
Kurt Vonnegut,man,Verenigde Staten,seculier,onbekend,europees,https://en.wikipedia.org/wiki/Kurt_Vonnegut
Ursula K. Le Guin,vrouw,Verenigde Staten,spiritueel,onbekend,europees,https://en.wikipedia.org/wiki/Ursula_K._Le_Guin
Naomi Alderman,vrouw,Verenigd Koninkrijk,joods,onbekend,europees,https://en.wikipedia.org/wiki/Naomi_Alderman
Fyodor Dostoyevsky,man,Rusland,christelijk,onbekend,europees,https://en.wikipedia.org/wiki/Fyodor_Dostoevsky
Chuck Palahniuk,man,Verenigde Staten,onbekend,ja,europees,https://en.wikipedia.org/wiki/Chuck_Palahniuk
Bryan K. Vaughan & Fiona Staples,gemengd,Verenigde Staten,onbekend,onbekend,europees,https://en.wikipedia.org/wiki/Saga_(comic_book)
Paul Auster,man,Verenigde Staten,joods,onbekend,europees,https://en.wikipedia.org/wiki/Paul_Auster
Charles Bukowski,man,Verenigde Staten,seculier,onbekend,europees,https://en.wikipedia.org/wiki/Charles_Bukowski
Joseph Heller,man,Verenigde Staten,joods,onbekend,europees,https://en.wikipedia.org/wiki/Joseph_Heller
Hanna Bervoets,vrouw,Nederland,onbekend,ja,europees,https://www.literatuurgeschiedenis.org/print/pdf/node/711
Iain M. Banks,man,Verenigd Koninkrijk,seculier,onbekend,europees,https://en.wikipedia.org/wiki/Iain_Banks
Nick Harkaway,man,Verenigd Koninkrijk,onbekend,onbekend,europees,https://en.wikipedia.org/wiki/Nick_Harkaway
Albert Camus,man,Frankrijk,seculier,onbekend,europees,https://en.wikipedia.org/wiki/Albert_Camus
Margaret Atwood,vrouw,Canada,seculier,onbekend,europees,https://en.wikipedia.org/wiki/Margaret_Atwood
Stanislaw Lem,man,Polen,seculier,onbekend,europees,https://en.wikipedia.org/wiki/Stanis%C5%82aw_Lem
Nnedi Okarafor,vrouw,Verenigde Staten,onbekend,onbekend,afrikaans,https://en.wikipedia.org/wiki/Nnedi_Okorafor
Anthony Burgess,man,Verenigd Koninkrijk,christelijk,onbekend,europees,https://en.wikipedia.org/wiki/Anthony_Burgess
Maxim Februari,man,Nederland,joods,ja,europees,https://en.wikipedia.org/wiki/Maxim_Februari
Marieke Lucas Rijneveld,non-binair,Nederland,christelijk,ja,europees,https://en.wikipedia.org/wiki/Marieke_Lucas_Rijneveld
Anna Kavan,vrouw,Verenigd Koninkrijk,onbekend,onbekend,europees,https://en.wikipedia.org/wiki/Anna_Kavan
H.G. Wells,man,Verenigd Koninkrijk,seculier,onbekend,europees,https://en.wikipedia.org/wiki/H._G._Wells
Mark Z. Danielewski,man,Verenigde Staten,onbekend,onbekend,europees,https://en.wikipedia.org/wiki/Mark_Z._Danielewski
Don DeLillo,man,Verenigde Staten,christelijk,onbekend,europees,https://en.wikipedia.org/wiki/Don_DeLillo
Ken Kesey,man,Verenigde Staten,christelijk,onbekend,europees,https://en.wikipedia.org/wiki/Ken_Kesey
Michael Young,man,Verenigd Koninkrijk,onbekend,onbekend,europees,"https://en.wikipedia.org/wiki/Michael_Young,_Baron_Young_of_Dartington"
Emily St. John Mandel,vrouw,Canada,onbekend,ja,europees,https://en.wikipedia.org/wiki/Emily_St._John_Mandel
Ann Leckie,vrouw,Verenigde Staten,onbekend,onbekend,europees,https://en.wikipedia.org/wiki/Ann_Leckie
Peter Zantingh,man,Nederland,onbekend,onbekend,europees,https://nl.wikipedia.org/wiki/Peter_Zantingh
Agustina Bazterrica,vrouw,Argentinië,christelijk,onbekend,latijns-amerikaans,https://en.wikipedia.org/wiki/Agustina_Bazterrica
Neal Stephenson,man,Verenigde Staten,onbekend,onbekend,europees,https://en.wikipedia.org/wiki/Neal_Stephenson
Richard Powers,man,Verenigde Staten,onbekend,onbekend,europees,https://en.wikipedia.org/wiki/Richard_Powers
Karel Capek,man,Tsjechië,seculier,onbekend,europees,https://en.wikipedia.org/wiki/Karel_%C4%8Capek
Arkady Strugatsky,man,Rusland,seculier,onbekend,europees,https://en.wikipedia.org/wiki/Arkady_and_Boris_Strugatsky
Gabriel Garcia Marquez,man,Colombia,christelijk,onbekend,latijns-amerikaans,https://en.wikipedia.org/wiki/Gabriel_Garc%C3%ADa_M%C3%A1rquez
China Miéville,man,Verenigd Koninkrijk,seculier,onbekend,europees,https://en.wikipedia.org/wiki/China_Mi%C3%A9ville
Aafke Romeijn,vrouw,Nederland,onbekend,onbekend,europees,https://nl.wikipedia.org/wiki/Aafke_Romeijn
Han Kang,vrouw,Zuid-Korea,boeddhistisch,onbekend,aziatisch,https://en.wikipedia.org/wiki/Han_Kang
Blake Crouch,man,Verenigde Staten,onbekend,onbekend,europees,https://en.wikipedia.org/wiki/Blake_Crouch
Roger Zelazny,man,Verenigde Staten,onbekend,onbekend,europees,https://en.wikipedia.org/wiki/Roger_Zelazny
Jacqueline Harpman,vrouw,België,joods,onbekend,europees,https://en.wikipedia.org/wiki/Jacqueline_Harpman
Walter Tevis,man,Verenigde Staten,onbekend,onbekend,europees,https://en.wikipedia.org/wiki/Walter_Tevis
Michael Flynn,man,Verenigde Staten,christelijk,onbekend,europees,https://en.wikipedia.org/wiki/Michael_Flynn_(author)
Jose Saramago,man,Portugal,seculier,onbekend,europees,https://en.wikipedia.org/wiki/Jos%C3%A9_Saramago
Ira Levin,man,Verenigde Staten,joods,onbekend,europees,https://en.wikipedia.org/wiki/Ira_Levin
Auke Hulst,man,Nederland,onbekend,onbekend,europees,https://nl.wikipedia.org/wiki/Auke_Hulst
Exurb1a,man,Verenigd Koninkrijk,onbekend,onbekend,europees,
Mary Doria Russell,vrouw,Verenigde Staten,joods,onbekend,europees,https://en.wikipedia.org/wiki/Mary_Doria_Russell
Lieke Marsman,vrouw,Nederland,onbekend,ja,europees,https://nl.wikipedia.org/wiki/Lieke_Marsman
Maxime Garcia Diaz,vrouw,Nederland,onbekend,onbekend,latijns-amerikaans,https://nl.wikipedia.org/wiki/Maxime_Garcia_Diaz
