index,date,title,author,suggested_by,location,original_publication_year,average_goodreads_rating,number_of_pages,Thirsa,Koen_v_W,Dion,Laurynas,Marloes,Robert,Peter,Thomas,Koen_M,average_bookclub_rating,gender,country,religion,lgbtq,ethnicity
1,2014-10-19,The Road,Cormac McCarthy,gezamenlijk,,2006,3.9939999999999998,241.0,4.0,,4.0,,,5.0,,,,4.333333333333333,man,Verenigde Staten,christelijk,onbekend,europees
2,2014-11-26,"Ready Player One (Ready Player One, #1)",Ernest Cline,gezamenlijk,Koen - Prinsengracht 241,2011,4.23,409.3333333333333,4.0,4.0,4.0,,,,,,,4.0,man,Verenigde Staten,onbekend,onbekend,europees
3,2015-01-27,Do Androids Dream of Electric Sheep?,Philip K. Dick,gezamenlijk,Laurynas - Jan Muschstraat 54,1968,4.09,248.2,4.0,3.0,,,,3.0,3.0,4.0,,3.4,man,Verenigde Staten,spiritueel,onbekend,europees
4,2015-04-14,"Neuromancer (Sprawl, #1)",William Gibson,gezamenlijk,,1984,3.89,279.5,,,,,,3.0,3.0,,,3.0,man,Canada,onbekend,onbekend,europees
5,2015-06-08,Starship Troopers,Robert A. Heinlein,Dion,,1959,4.01,254.66666666666666,3.0,3.0,4.0,,,4.0,3.0,3.0,,3.3333333333333335,man,Verenigde Staten,seculier,onbekend,europees
6,2015-07-23,"Hyperion (Hyperion Cantos, #1)",Dan Simmons,,,1989,4.27,500.0,3.0,,4.0,,,5.0,3.0,4.0,,3.8,man,Verenigde Staten,onbekend,onbekend,europees
7,2015-09-14,1984,George Orwell,Thirsa & Koen,,1949,4.194000000000001,328.0,4.0,5.0,5.0,,,5.0,,5.0,,4.8,man,Verenigd Koninkrijk,seculier,onbekend,europees
8,2015-11-16,"The Hitchhiker's Guide to the Galaxy (Hitchhiker's Guide to the Galaxy, #1)",Douglas Adams,Laurynas,De Doelen,1979,4.223333333333334,216.0,,3.0,3.0,,,,,4.0,,3.3333333333333335,man,Verenigd Koninkrijk,seculier,onbekend,europees
9,2016-01-05,The Passion of New Eve,Angela Carter,David,De Doelen,1977,3.67,187.0,4.0,1.0,3.0,,,4.0,3.0,2.0,,2.8333333333333335,vrouw,Verenigd Koninkrijk,seculier,onbekend,europees
10,2016-02-16,Fahrenheit 451,Ray Bradbury,Bram,De Doelen,1953,3.9619999999999997,219.16666666666666,3.0,3.0,4.0,,,3.0,4.0,,,3.4,man,Verenigde Staten,christelijk,onbekend,europees
11,2016-03-29,"The Three-Body Problem (Remembrance of Earth's Past, #1)",Liu Cixin,Jelmer,De Doelen,2006,4.08,472.0,2.0,3.0,3.0,,,2.0,3.0,,,2.6,man,China,seculier,onbekend,aziatisch
12,2016-05-10,"Lilith's Brood (Xenogenesis, #1-3)",Octavia E. Butler,Thirsa & Koen,,1987,4.37,746.0,4.0,,,,,,,4.0,,4.0,vrouw,Verenigde Staten,onbekend,onbekend,afrikaans
13,2016-09-06,"Blindsight (Firefall, #1)",Peter Watts,Robert,Tweede Kostverlorenkade,2006,4.01,384.0,,,4.0,,,5.0,5.0,5.0,,4.75,man,Canada,seculier,onbekend,europees
14,2016-09-06,Under the Skin,Michel Faber,Dion,,2000,3.75,296.0,,2.0,5.0,,,3.0,,,,3.3333333333333335,man,Nederland,onbekend,onbekend,europees
15,2016-10-12,Brave New World,Aldous Huxley,,Van Zeggelenstraat 71,1932,3.9900000000000007,269.2,,4.0,4.0,,,5.0,4.0,4.0,,4.2,man,Verenigd Koninkrijk,spiritueel,onbekend,europees
16,2016-11-30,The Heart of a Dog,Mikhail Bulgakov,Bram,Cafe Kostverloren,1925,4.1,128.0,,3.0,,,,,,,,3.0,man,Rusland,christelijk,onbekend,europees
17,2017-01-18,The Windup Girl,Paolo Bacigalupi,Thirsa & Koen,De Doelen,2009,3.75,359.0,3.0,2.0,3.0,,,3.0,1.0,,,2.4,man,Verenigde Staten,onbekend,onbekend,europees
18,2017-03-14,Watchmen,Alan Moore & Dave Gibbons,Laurynas,,1987,4.3839999999999995,415.6,4.0,4.0,5.0,,,4.0,,5.0,,4.4,man,Verenigd Koninkrijk,spiritueel,onbekend,europees
19,2017-05-02,Never Let Me Go,Kazuo Ishiguro,Iona,Thirsa - Keizersgracht 151D,2005,3.85,288.0,3.0,2.0,2.0,,,4.0,3.0,4.0,,3.0,man,Verenigd Koninkrijk,onbekend,onbekend,aziatisch
20,2017-06-01,"A Canticle for Leibowitz (St. Leibowitz, #1)",Walter M. Miller,Dion,De Doelen,1959,3.9850000000000003,354.0,,,4.0,,,2.0,,,,3.0,man,Verenigde Staten,christelijk,onbekend,europees
21,2017-07-11,Pnin,Vladimir Nabokov,Robert,Robert - Uithoornstraat 17-3,1957,3.8825000000000003,184.0,4.0,,4.0,,,4.0,,,,4.0,man,Verenigde Staten,seculier,onbekend,europees
22,2017-09-08,Fear and Loathing in Las Vegas,Hunter S. Thompson,David,,1971,4.07,217.0,,3.0,,,,3.0,,,,3.0,man,Verenigde Staten,seculier,onbekend,europees
23,2017-10-30,High-Rise,J.G. Ballard,Thirsa & Koen,De Doelen,1975,3.6075,208.0,4.0,4.0,4.0,,,3.0,,,,3.75,man,Verenigd Koninkrijk,seculier,onbekend,europees
24,2017-12-05,"Things Fall Apart (The African Trilogy, #1)",Chinua Achebe,Laurynas,De Doelen,1958,3.7359999999999998,215.0,3.0,3.0,4.0,,,4.0,,5.0,,3.8,man,Nigeria,christelijk,onbekend,afrikaans
25,2018-01-17,The Unbearable Lightness of Being,Milan Kundera,Iona,De Doelen,1984,4.11,314.0,,2.0,2.0,,,2.0,,5.0,,2.75,man,Tsjechië,seculier,onbekend,europees
26,2018-02-19,"Parable of the Sower (Earthseed, #1)",Octavia E. Butler,Robert,De Doelen,1993,4.2075,345.0,4.0,4.0,4.0,,,3.0,,,,3.75,vrouw,Verenigde Staten,onbekend,onbekend,afrikaans
27,2018-04-25,Het Slot,Franz Kafka,Dion,,1926,3.93,336.0,,2.0,,,,4.0,,,,3.0,man,Tsjechië,joods,onbekend,europees
28,2018-06-06,"1Q84 Book 1 (1Q84, #1)",Haruki Murakami,David,,2009,3.955,554.0,,4.0,3.0,,,,,,,3.5,man,Japan,boeddhistisch,onbekend,aziatisch
29,2018-07-03,Cat's Cradle,Kurt Vonnegut,Thirsa & Koen,,1963,4.15,281.0,4.0,4.0,4.0,,,5.0,,,,4.25,man,Verenigde Staten,seculier,onbekend,europees
30,2018-09-11,The Left Hand of Darkness,Ursula K. Le Guin,Laurynas,,1969,4.1,304.0,3.0,2.0,4.0,,,4.0,,5.0,,3.6,vrouw,Verenigde Staten,spiritueel,onbekend,europees
31,2018-10-15,The Power,Naomi Alderman,Robert,De Doelen,2016,3.755,355.75,,4.0,2.0,,,5.0,,4.0,,3.75,vrouw,Verenigd Koninkrijk,joods,onbekend,europees
32,2018-11-30,The Gambler,Fyodor Dostoyevsky,Dion,,1866,3.91,188.0,,3.0,4.0,,,2.0,,,,3.0,man,Rusland,christelijk,onbekend,europees
33,2019-01-09,Fight Club,Chuck Palahniuk,Marloes,,1996,4.18,220.83333333333334,4.0,4.0,4.0,,,3.5,,,,3.875,man,Verenigde Staten,onbekend,ja,europees
34,2019-02-20,"Saga, Volume 1",Bryan K. Vaughan & Fiona Staples,David,De Doelen,2012,4.15,160.0,,,,,,,,,,,gemengd,Verenigde Staten,onbekend,onbekend,europees
35,2019-04-17,The Book of Illusions,Paul Auster,Thirsa & Koen,,2002,3.9,288.0,,3.0,3.0,,,2.0,,3.0,,2.75,man,Verenigde Staten,joods,onbekend,europees
36,2019-05-22,Post Office,Charles Bukowski,Laurynas,,1971,3.93,185.0,,,3.0,,,3.0,4.0,,,3.3333333333333335,man,Verenigde Staten,seculier,onbekend,europees
37,2019-07-10,Catch-22,Joseph Heller,Robert,,1961,3.99,455.5,4.0,,4.0,,,4.0,,,,4.0,man,Verenigde Staten,joods,onbekend,europees
38,2019-09-04,Ivanov,Hanna Bervoets,Dion,,2016,3.62,320.0,3.0,3.0,2.0,,,2.0,3.0,,,2.6,vrouw,Nederland,onbekend,ja,europees
39,2019-10-18,The Algebraist,Iain M. Banks,David,,2004,4.033333333333334,434.0,,,3.0,,,3.0,3.0,,,3.0,man,Verenigd Koninkrijk,seculier,onbekend,europees
40,2019-12-20,The Gone-Away World,Nick Harkaway,Marloes,,2008,4.1,531.0,,,4.0,,,5.0,,,,4.5,man,Verenigd Koninkrijk,onbekend,onbekend,europees
41,2020-02-03,De Pest,Albert Camus,Thirsa & Koen,Laurynas - Keizersgracht 92k,1947,4.02,277.0,4.0,4.0,,,,3.0,5.0,,,4.0,man,Frankrijk,seculier,onbekend,europees
42,2020-04-04,"Oryx and Crake (MaddAddam, #1)",Margaret Atwood,Laurynas,Skype,2003,4.0075,389.0,,4.0,4.0,,,3.0,4.0,,,3.75,vrouw,Canada,seculier,onbekend,europees
43,2020-05-02,Solaris,Stanislaw Lem,Robert,Skype,1961,3.9883333333333333,205.66666666666666,3.0,2.0,4.0,,,4.0,4.0,3.0,,3.3333333333333335,man,Polen,seculier,onbekend,europees
44,2020-06-19,Who Fears Death,Nnedi Okarafor,Dion,Laurynas - Keizersgracht 92k,2010,3.9375,386.0,2.0,1.0,2.0,,,2.0,,,,1.75,vrouw,Verenigde Staten,onbekend,onbekend,afrikaans
45,2020-08-04,A Clockwork Orange,Anthony Burgess,David,De Doelen,1962,4.0,230.4,,3.0,4.5,,,3.0,,5.0,,3.875,man,Verenigd Koninkrijk,christelijk,onbekend,europees
46,2020-09-21,Stranger in a Strange Land,Robert A. Heinlein,Thirsa & Koen,Laurynas - Keizersgracht 92k,1961,3.92,525.0,,,3.0,,,2.0,,,,2.5,man,Verenigde Staten,seculier,onbekend,europees
47,2020-11-18,The Dispossessed: An Ambiguous Utopia,Ursula K. Le Guin,Laurynas,Laurynas - Keizersgracht 92k,1974,4.25,387.0,,3.0,,,,4.0,3.0,,,3.3333333333333335,vrouw,Verenigde Staten,spiritueel,onbekend,europees
48,2021-01-05,Klont,Maxim Februari,Robert,Skype,2017,3.022,270.0,,3.0,4.0,,,3.0,3.0,,,3.25,man,Nederland,joods,ja,europees
49,2021-02-17,De avond is ongemak,Marieke Lucas Rijneveld,Dion,Teams,2018,3.45,260.0,4.0,3.0,4.0,,,3.0,4.0,,,3.6,non-binair,Nederland,christelijk,ja,europees
50,2021-04-04,The Drowned World,J.G. Ballard,David,Laurynas - Keizersgracht 92k,1962,3.478,198.0,3.0,2.0,3.0,,,2.0,1.0,,,2.2,man,Verenigd Koninkrijk,seculier,onbekend,europees
51,2021-05-22,The Things,Peter Watts,Peter,Laurynas - Keizersgracht 92k,,4.01,36.0,,,,,,,,,,,man,Canada,seculier,onbekend,europees
52,2021-08-13,Het ijs,Anna Kavan,Thirsa,Boekenclub Weekend,1967,3.665,208.0,,2.0,,,,,4.0,,,3.0,vrouw,Verenigd Koninkrijk,onbekend,onbekend,europees
53,2021-10-16,Mother Night,Kurt Vonnegut,Robert,Robert - Atjehstraat 7,1961,4.23,282.0,4.0,3.0,4.0,,,5.0,,,,4.0,man,Verenigde Staten,seculier,onbekend,europees
54,2021-12-08,The Island of Dr. Moreau,H.G. Wells,Laurynas,,1896,3.7299999999999995,160.0,,4.0,4.0,,,3.0,3.0,,,3.5,man,Verenigd Koninkrijk,seculier,onbekend,europees
55,2022-02-02,House of Leaves,Mark Z. Danielewski,Robert,De Doelen,2000,4.09,709.6666666666666,,,3.0,,,5.0,,,,4.0,man,Verenigde Staten,onbekend,onbekend,europees
56,2022-03-31,Zero K,Don DeLillo,Marloes,,2016,3.1966666666666668,274.0,,,2.0,,,2.0,3.0,,,2.3333333333333335,man,Verenigde Staten,christelijk,onbekend,europees
57,2022-06-06,One Flew Over the Cuckoo's Nest,Ken Kesey,David,De Doelen,1962,4.2,325.0,4.0,4.0,4.0,,,4.0,,,,4.0,man,Verenigde Staten,christelijk,onbekend,europees
58,2022-09-07,De Opkomst van de Meritocratie,Michael Young,Dion,Vooges Centraal,1958,3.796666666666667,192.0,4.0,,4.0,,,3.0,,,,3.6666666666666665,man,Verenigd Koninkrijk,onbekend,onbekend,europees
59,2022-11-10,Station Eleven,Emily St. John Mandel,Koen,De Doelen,2014,4.07,333.0,3.0,4.0,3.0,,,3.0,3.0,,,3.2,vrouw,Canada,onbekend,ja,europees
60,2023-01-06,"Ancillary Justice (Imperial Radch, #1)",Ann Leckie,Laurynas,De Doelen,2013,3.9900000000000007,386.0,,2.0,4.0,,,3.0,3.0,4.0,,3.2,vrouw,Verenigde Staten,onbekend,onbekend,europees
61,2023-03-03,Tussentijds,Peter Zantingh,Peter,De Doelen,2022,3.82,175.0,2.0,3.0,3.0,,,3.0,,,,2.75,man,Nederland,onbekend,onbekend,europees
62,2023-04-22,Tender is the Flesh,Agustina Bazterrica,Thirsa,Peter - Poolsterstraat 20,2017,3.78,209.0,,5.0,4.0,,,5.0,5.0,,,4.75,vrouw,Argentinië,christelijk,onbekend,latijns-amerikaans
63,2023-07-07,Snow Crash,Neal Stephenson,Thomas,Thomas - Vespuccistraat 104H,1992,4.017142857142857,509.57142857142856,3.0,2.0,5.0,,,3.0,3.0,2.0,,3.0,man,Verenigde Staten,onbekend,onbekend,europees
64,2023-09-03,Bewilderment,Richard Powers,Robert,Cafe Bruxelles,2021,3.9120000000000004,278.0,4.0,4.0,,,,,5.0,3.0,,4.0,man,Verenigde Staten,onbekend,onbekend,europees
65,2023-11-05,Oorlog met de salamanders,Karel Capek,Dion,Kaap & Tein,1936,4.17,286.0,4.0,4.0,5.0,,,4.0,4.0,3.0,,4.0,man,Tsjechië,seculier,onbekend,europees
66,2023-12-16,Roadside Picnic,Arkady Strugatsky,Koen,Brouwerij Troost Westergas,1972,4.135,145.0,4.0,4.0,4.0,,,4.0,3.0,5.0,,4.0,man,Rusland,seculier,onbekend,europees
67,2024-01-26,Kroniek van een aangekondigde dood,Gabriel Garcia Marquez,Peter,House of Watt,1981,3.97,114.0,,2.0,,,,3.0,3.0,,,2.6666666666666665,man,Colombia,christelijk,onbekend,latijns-amerikaans
68,2024-04-07,The City & the City,China Miéville,Laurynas,vandeStreek,2009,3.9,315.42857142857144,3.0,4.0,3.0,,,3.0,4.0,,2.0,3.1666666666666665,man,Verenigd Koninkrijk,seculier,onbekend,europees
69,2024-05-24,His Master's Voice,Stanislaw Lem,Robert,Knossos,1968,4.083333333333333,199.0,,3.0,4.0,,,5.0,4.0,5.0,3.0,4.0,man,Polen,seculier,onbekend,europees
70,2024-07-20,Concept M,Aafke Romeijn,Thomas,Cafe Cook,2018,3.4442857142857144,253.0,3.0,3.0,3.0,,,3.0,3.0,2.0,2.0,2.7142857142857144,vrouw,Nederland,onbekend,onbekend,europees
71,2024-09-11,Galapagos,Kurt Vonnegut,Dion,De Doelen,1985,3.8699999999999997,302.0,3.0,3.0,,,,3.0,3.0,,4.0,3.2,man,Verenigde Staten,seculier,onbekend,europees
72,2024-12-20,The Vegetarian,Han Kang,Koen,De Doelen,2007,3.61,180.5,4.0,4.0,3.0,,,4.0,4.0,5.0,2.0,3.7142857142857144,vrouw,Zuid-Korea,boeddhistisch,onbekend,aziatisch
73,2025-03-23,Dark Matter,Blake Crouch,Koen_M,Cafe Bruxelles,2016,4.136666666666667,342.0,2.0,2.0,2.0,,,2.0,1.0,2.0,1.0,1.7142857142857142,man,Verenigde Staten,onbekend,onbekend,europees
74,2025-05-21,Lord of Light,Roger Zelazny,Laurynas,De Doelen,1967,4.05,296.0,2.0,2.0,4.0,1.0,,2.0,2.0,2.0,2.0,2.125,man,Verenigde Staten,onbekend,onbekend,europees
75,2025-07-13,I who have never known men,Jacqueline Harpman,Marloes,Tolhuistuin,1995,4.156666666666666,188.33333333333334,4.0,5.0,5.0,4.0,4.0,5.0,5.0,5.0,4.0,4.555555555555555,vrouw,België,joods,onbekend,europees
76,2025-08-24,The Man Who Fell to Earth,Walter Tevis,Peter,Restaurant Two Chefs,1963,4.04,209.0,3.0,3.0,4.0,3.0,,3.0,3.0,3.0,3.0,3.125,man,Verenigde Staten,onbekend,onbekend,europees
77,2025-10-05,Eifelheim,Michael Flynn,Robert,Uiver,2006,3.78,320.0,2.0,,2.0,,,3.0,2.0,,2.0,2.2,man,Verenigde Staten,christelijk,onbekend,europees
78,2025-11-21,Blindness,Jose Saramago,Thomas,Thomas - Vespuccistraat 104H,1995,4.18,349.0,2.0,,2.0,,,2.0,,3.0,1.0,2.0,man,Portugal,seculier,onbekend,europees
79,2026-01-11,"Rosemary's Baby (Rosemary's Baby, #1)",Ira Levin,Thirsa,Tolhuistuin,1967,4.04,308.0,3.0,3.0,5.0,4.0,,4.0,3.0,4.0,2.0,3.5,man,Verenigde Staten,joods,onbekend,europees
80,2026-04-19,Tandenjager,Auke Hulst,Dion,Cafe Bruxelles,,3.73,440.0,,,,,,,,,,,man,Nederland,onbekend,onbekend,europees
81,2026-06-07,Geometry for Ocelots,Exurb1a,Koen_M,Tolhuistuin,,4.37,325.0,3.0,,,,,4.0,4.0,4.0,5.0,4.0,man,Verenigd Koninkrijk,onbekend,onbekend,europees
82,2026-08-16,"The Sparrow (The Sparrow, #1)",Mary Doria Russell,Laurynas,Cafe Bruxelles,1996,4.14,419.0,4.0,,4.0,4.0,,4.0,5.0,3.0,4.0,4.0,vrouw,Verenigde Staten,joods,onbekend,europees
83,2026-09-27,De dichter en de duivel,Lieke Marsman,Peter,Tolhuistuin,2026,4.45,119.0,4.0,,4.0,,,5.0,5.0,5.0,5.0,4.666666666666667,vrouw,Nederland,onbekend,ja,europees
84,2026-09-27,Het is warm in de hivemind,Maxime Garcia Diaz,Peter,Tolhuistuin,,3.67,80.0,2.0,,,,,,1.0,2.0,2.0,1.75,vrouw,Nederland,onbekend,onbekend,latijns-amerikaans
85,2026-11-17,"Wild Seed (Patternist, #1)",Octavia E. Butler,Robert,,1980,4.2,306.0,,,,,,,,,,,vrouw,Verenigde Staten,onbekend,onbekend,afrikaans
